{"cameraMode":{"drawMode":0,"name":"Shaded","section":"Shading Mode"},"sceneLighting":true,"audioPlay":false,"sceneViewState":{"m_AlwaysRefresh":false,"showFog":true,"showSkybox":true,"showFlares":true,"showImageEffects":true,"showParticleSystems":true,"showVisualEffectGraphs":true,"m_FxEnabled":true},"in2DMode":false,"pivot":{"x":663.308837890625,"y":312.2496337890625,"z":144.46395874023438},"rotation":{"x":0.08025453239679337,"y":0.037370044738054278,"z":-0.0030118790455162527,"w":0.9960724711418152},"size":404.4061584472656,"orthographic":true}